"","word","n","n_papers","n_papers_total","p_papers"
"1","bias",73,63,263,0.239543726235741
"2","fairness",69,62,263,0.23574144486692
"3","algorithmic",79,61,263,0.231939163498099
"4","learning",47,46,263,0.174904942965779
"5","accountability",42,41,263,0.155893536121673
"6","machine",41,41,263,0.155893536121673
"7","data",44,32,263,0.121673003802281
"8","audit",31,26,263,0.0988593155893536
"9","social",30,25,263,0.0950570342205323
"10","systems",28,24,263,0.091254752851711
"11","ethics",23,23,263,0.0874524714828897
"12","algorithm",24,22,263,0.0836501901140684
"13","artificial",22,21,263,0.0798479087452472
"14","intelligence",22,21,263,0.0798479087452472
"15","auditing",21,19,263,0.0722433460076046
"16","language",22,18,263,0.0684410646387833
"17","computer",17,15,263,0.0570342205323194
"18","gender",16,15,263,0.0570342205323194
"19","policy",15,15,263,0.0570342205323194
"20","design",14,14,263,0.0532319391634981
"21","vision",14,14,263,0.0532319391634981
"22","algorithms",13,13,263,0.0494296577946768
"23","impact",15,13,263,0.0494296577946768
"24","recognition",13,13,263,0.0494296577946768
"25","datasets",12,12,263,0.0456273764258555
"26","models",12,12,263,0.0456273764258555
"27","privacy",16,12,263,0.0456273764258555
"28","transparency",12,12,263,0.0456273764258555
"29","evaluation",14,11,263,0.0418250950570342
"30","media",12,11,263,0.0418250950570342
"31","natural",11,11,263,0.0418250950570342
"32","processing",11,11,263,0.0418250950570342
"33","search",15,11,263,0.0418250950570342
"34","computing",11,10,263,0.0380228136882129
"35","speech",12,10,263,0.0380228136882129
"36","studies",13,10,263,0.0380228136882129
"37","detection",9,9,263,0.0342205323193916
"38","human",9,9,263,0.0342205323193916
"39","recommender",9,9,263,0.0342205323193916
"40","software",13,9,263,0.0342205323193916
"41","technology",9,9,263,0.0342205323193916
"42","user",10,9,263,0.0342205323193916
"43","assessment",8,8,263,0.0304182509505703
"44","decision",9,8,263,0.0304182509505703
"45","discrimination",8,8,263,0.0304182509505703
"46","justice",8,8,263,0.0304182509505703
"47","online",8,8,263,0.0304182509505703
"48","regulation",9,8,263,0.0304182509505703
"49","research",10,8,263,0.0304182509505703
"50","analysis",8,7,263,0.026615969581749
"51","critical",8,7,263,0.026615969581749
"52","law",7,7,263,0.026615969581749
"53","participatory",8,7,263,0.026615969581749
"54","public",7,7,263,0.026615969581749
"55","quality",7,7,263,0.026615969581749
"56","digital",6,6,263,0.0228136882129278
"57","fair",6,6,263,0.0228136882129278
"58","governance",6,6,263,0.0228136882129278
"59","hate",6,6,263,0.0228136882129278
"60","hci",7,6,263,0.0228136882129278
"61","health",9,6,263,0.0228136882129278
"62","model",8,6,263,0.0228136882129278
"63","networks",6,6,263,0.0228136882129278
"64","political",7,6,263,0.0228136882129278
"65","racial",6,6,263,0.0228136882129278
"66","recommendation",6,6,263,0.0228136882129278
"67","services",7,6,263,0.0228136882129278
"68","system",6,6,263,0.0228136882129278
"69","testing",7,6,263,0.0228136882129278
"70","web",7,6,263,0.0228136882129278
"71","advertising",5,5,263,0.0190114068441065
"72","annotation",5,5,263,0.0190114068441065
"73","automated",5,5,263,0.0190114068441065
"74","based",6,5,263,0.0190114068441065
"75","black",5,5,263,0.0190114068441065
"76","box",5,5,263,0.0190114068441065
"77","centered",5,5,263,0.0190114068441065
"78","classification",6,5,263,0.0190114068441065
"79","documentation",5,5,263,0.0190114068441065
"80","explainability",5,5,263,0.0190114068441065
"81","gdpr",5,5,263,0.0190114068441065
"82","harm",5,5,263,0.0190114068441065
"83","information",7,5,263,0.0190114068441065
"84","mobile",5,5,263,0.0190114068441065
"85","predictive",5,5,263,0.0190114068441065
"86","race",6,5,263,0.0190114068441065
"87","risk",5,5,263,0.0190114068441065
"88","society",5,5,263,0.0190114068441065
"89","socio",5,5,263,0.0190114068441065
"90","sociotechnical",5,5,263,0.0190114068441065
"91","technical",5,5,263,0.0190114068441065
"92","visual",5,5,263,0.0190114068441065
"93","action",4,4,263,0.0152091254752852
"94","adversarial",4,4,263,0.0152091254752852
"95","audits",4,4,263,0.0152091254752852
"96","credit",4,4,263,0.0152091254752852
"97","criminal",4,4,263,0.0152091254752852
"98","dataset",5,4,263,0.0152091254752852
"99","engines",4,4,263,0.0152091254752852
"100","explainable",4,4,263,0.0152091254752852
"101","facebook",4,4,263,0.0152091254752852
"102","facial",7,4,263,0.0152091254752852
"103","interaction",4,4,263,0.0152091254752852
"104","interpretability",4,4,263,0.0152091254752852
"105","methods",4,4,263,0.0152091254752852
"106","misinformation",6,4,263,0.0152091254752852
"107","multimodal",4,4,263,0.0152091254752852
"108","platform",4,4,263,0.0152091254752852
"109","prediction",4,4,263,0.0152091254752852
"110","protection",5,4,263,0.0152091254752852
"111","qualitative",4,4,263,0.0152091254752852
"112","security",4,4,263,0.0152091254752852
"113","semantics",4,4,263,0.0152091254752852
"114","statistical",4,4,263,0.0152091254752852
"115","surveillance",4,4,263,0.0152091254752852
"116","text",4,4,263,0.0152091254752852
"117","theory",4,4,263,0.0152091254752852
"118","training",4,4,263,0.0152091254752852
"119","trust",4,4,263,0.0152091254752852
"120","verification",4,4,263,0.0152091254752852
"121","voice",5,4,263,0.0152091254752852
"122","accessibility",3,3,263,0.0114068441064639
"123","activity",3,3,263,0.0114068441064639
"124","age",3,3,263,0.0114068441064639
"125","applications",3,3,263,0.0114068441064639
"126","assistant",3,3,263,0.0114068441064639
"127","causal",3,3,263,0.0114068441064639
"128","cloud",3,3,263,0.0114068441064639
"129","collection",3,3,263,0.0114068441064639
"130","commerce",3,3,263,0.0114068441064639
"131","community",3,3,263,0.0114068441064639
"132","control",3,3,263,0.0114068441064639
"133","disparate",3,3,263,0.0114068441064639
"134","driven",3,3,263,0.0114068441064639
"135","embeddings",3,3,263,0.0114068441064639
"136","engineering",3,3,263,0.0114068441064639
"137","ethical",3,3,263,0.0114068441064639
"138","explanations",3,3,263,0.0114068441064639
"139","generative",3,3,263,0.0114068441064639
"140","google",3,3,263,0.0114068441064639
"141","government",3,3,263,0.0114068441064639
"142","hiring",3,3,263,0.0114068441064639
"143","identity",3,3,263,0.0114068441064639
"144","image",3,3,263,0.0114068441064639
"145","industry",3,3,263,0.0114068441064639
"146","infrastructure",4,3,263,0.0114068441064639
"147","interdisciplinary",5,3,263,0.0114068441064639
"148","interface",3,3,263,0.0114068441064639
"149","issues",3,3,263,0.0114068441064639
"150","medical",3,3,263,0.0114068441064639
"151","mining",3,3,263,0.0114068441064639
"152","modeling",3,3,263,0.0114068441064639
"153","network",3,3,263,0.0114068441064639
"154","personalization",3,3,263,0.0114068441064639
"155","policing",3,3,263,0.0114068441064639
"156","rights",3,3,263,0.0114068441064639
"157","science",3,3,263,0.0114068441064639
"158","support",3,3,263,0.0114068441064639
"159","technologies",3,3,263,0.0114068441064639
"160","welfare",3,3,263,0.0114068441064639
"161","word",3,3,263,0.0114068441064639
"162","access",2,2,263,0.00760456273764259
"163","ads",3,2,263,0.00760456273764259
"164","advocacy",2,2,263,0.00760456273764259
"165","affective",2,2,263,0.00760456273764259
"166","agent",2,2,263,0.00760456273764259
"167","app",2,2,263,0.00760456273764259
"168","assessments",2,2,263,0.00760456273764259
"169","assistants",2,2,263,0.00760456273764259
"170","attacks",2,2,263,0.00760456273764259
"171","aware",2,2,263,0.00760456273764259
"172","behavioral",2,2,263,0.00760456273764259
"173","blockchain",2,2,263,0.00760456273764259
"174","care",2,2,263,0.00760456273764259
"175","child",2,2,263,0.00760456273764259
"176","china",2,2,263,0.00760456273764259
"177","citizen",2,2,263,0.00760456273764259
"178","cognitive",2,2,263,0.00760456273764259
"179","compliance",2,2,263,0.00760456273764259
"180","computers",2,2,263,0.00760456273764259
"181","conferences",2,2,263,0.00760456273764259
"182","consent",2,2,263,0.00760456273764259
"183","content",2,2,263,0.00760456273764259
"184","contextual",2,2,263,0.00760456273764259
"185","controlled",2,2,263,0.00760456273764259
"186","conversational",3,2,263,0.00760456273764259
"187","covid",2,2,263,0.00760456273764259
"188","crowdsourcing",2,2,263,0.00760456273764259
"189","culture",2,2,263,0.00760456273764259
"190","curation",2,2,263,0.00760456273764259
"191","cybersecurity",2,2,263,0.00760456273764259
"192","debt",2,2,263,0.00760456273764259
"193","decentralized",2,2,263,0.00760456273764259
"194","deep",2,2,263,0.00760456273764259
"195","demographics",2,2,263,0.00760456273764259
"196","deployment",2,2,263,0.00760456273764259
"197","development",2,2,263,0.00760456273764259
"198","differential",2,2,263,0.00760456273764259
"199","disability",2,2,263,0.00760456273764259
"200","disaggregated",2,2,263,0.00760456273764259
"201","diversity",2,2,263,0.00760456273764259
"202","document",2,2,263,0.00760456273764259
"203","education",3,2,263,0.00760456273764259
"204","elections",2,2,263,0.00760456273764259
"205","emotion",2,2,263,0.00760456273764259
"206","employment",2,2,263,0.00760456273764259
"207","engagement",2,2,263,0.00760456273764259
"208","engine",2,2,263,0.00760456273764259
"209","equal",2,2,263,0.00760456273764259
"210","error",2,2,263,0.00760456273764259
"211","ethnicity",2,2,263,0.00760456273764259
"212","ethnography",2,2,263,0.00760456273764259
"213","evaluations",3,2,263,0.00760456273764259
"214","experience",2,2,263,0.00760456273764259
"215","explanation",2,2,263,0.00760456273764259
"216","facct",2,2,263,0.00760456273764259
"217","forensic",2,2,263,0.00760456273764259
"218","foresight",2,2,263,0.00760456273764259
"219","framework",2,2,263,0.00760456273764259
"220","generation",2,2,263,0.00760456273764259
"221","genotyping",2,2,263,0.00760456273764259
"222","healthcare",2,2,263,0.00760456273764259
"223","home",3,2,263,0.00760456273764259
"224","impacts",2,2,263,0.00760456273764259
"225","inclusion",2,2,263,0.00760456273764259
"226","inference",2,2,263,0.00760456273764259
"227","interactive",2,2,263,0.00760456273764259
"228","interfaces",2,2,263,0.00760456273764259
"229","item",2,2,263,0.00760456273764259
"230","knowledge",2,2,263,0.00760456273764259
"231","literacy",2,2,263,0.00760456273764259
"232","medicine",2,2,263,0.00760456273764259
"233","metadata",2,2,263,0.00760456273764259
"234","misuse",2,2,263,0.00760456273764259
"235","mitigation",2,2,263,0.00760456273764259
"236","modelling",2,2,263,0.00760456273764259
"237","monitoring",2,2,263,0.00760456273764259
"238","multi",2,2,263,0.00760456273764259
"239","neural",2,2,263,0.00760456273764259
"240","news",3,2,263,0.00760456273764259
"241","opacity",2,2,263,0.00760456273764259
"242","opportunity",2,2,263,0.00760456273764259
"243","organizational",2,2,263,0.00760456273764259
"244","parity",2,2,263,0.00760456273764259
"245","perception",2,2,263,0.00760456273764259
"246","personal",2,2,263,0.00760456273764259
"247","platforms",2,2,263,0.00760456273764259
"248","police",2,2,263,0.00760456273764259
"249","policies",2,2,263,0.00760456273764259
"250","popularity",2,2,263,0.00760456273764259
"251","portability",2,2,263,0.00760456273764259
"252","post",2,2,263,0.00760456273764259
"253","power",2,2,263,0.00760456273764259
"254","practice",2,2,263,0.00760456273764259
"255","price",2,2,263,0.00760456273764259
"256","probabilistic",2,2,263,0.00760456273764259
"257","process",3,2,263,0.00760456273764259
"258","provenance",2,2,263,0.00760456273764259
"259","radicalization",3,2,263,0.00760456273764259
"260","ranking",2,2,263,0.00760456273764259
"261","recommendations",2,2,263,0.00760456273764259
"262","representation",2,2,263,0.00760456273764259
"263","responsible",2,2,263,0.00760456273764259
"264","results",2,2,263,0.00760456273764259
"265","retrieval",2,2,263,0.00760456273764259
"266","robustness",2,2,263,0.00760456273764259
"267","safety",2,2,263,0.00760456273764259
"268","sciences",2,2,263,0.00760456273764259
"269","situated",2,2,263,0.00760456273764259
"270","spam",2,2,263,0.00760456273764259
"271","speaker",4,2,263,0.00760456273764259
"272","stakeholder",2,2,263,0.00760456273764259
"273","stereotypes",2,2,263,0.00760456273764259
"274","student",2,2,263,0.00760456273764259
"275","study",2,2,263,0.00760456273764259
"276","tagging",2,2,263,0.00760456273764259
"277","targeting",2,2,263,0.00760456273764259
"278","test",2,2,263,0.00760456273764259
"279","tool",2,2,263,0.00760456273764259
"280","tracking",2,2,263,0.00760456273764259
"281","trading",2,2,263,0.00760456273764259
"282","twitter",2,2,263,0.00760456273764259
"283","urban",2,2,263,0.00760456273764259
"284","values",2,2,263,0.00760456273764259
"285","vector",2,2,263,0.00760456273764259
"286","violence",3,2,263,0.00760456273764259
"287","vulnerability",2,2,263,0.00760456273764259
"288","xai",2,2,263,0.00760456273764259
"289","3.5",1,1,263,0.00380228136882129
"290","4.1",1,1,263,0.00380228136882129
"291","4.2",1,1,263,0.00380228136882129
"292","accuracy",1,1,263,0.00380228136882129
"293","adaptation",1,1,263,0.00380228136882129
"294","administration",1,1,263,0.00380228136882129
"295","administrations",1,1,263,0.00380228136882129
"296","adolescents",1,1,263,0.00380228136882129
"297","adults",1,1,263,0.00380228136882129
"298","adverse",1,1,263,0.00380228136882129
"299","advertisements",1,1,263,0.00380228136882129
"300","aging",1,1,263,0.00380228136882129
"301","agonism",1,1,263,0.00380228136882129
"302","aiaas",1,1,263,0.00380228136882129
"303","aides",1,1,263,0.00380228136882129
"304","aies",1,1,263,0.00380228136882129
"305","algorithmsethnographycredibilityquantificationdecision",1,1,263,0.00380228136882129
"306","alt",1,1,263,0.00380228136882129
"307","amazon",1,1,263,0.00380228136882129
"308","analyses",1,1,263,0.00380228136882129
"309","analytics",1,1,263,0.00380228136882129
"310","android",1,1,263,0.00380228136882129
"311","annealing",1,1,263,0.00380228136882129
"312","annotator",1,1,263,0.00380228136882129
"313","answering",1,1,263,0.00380228136882129
"314","anti",1,1,263,0.00380228136882129
"315","anticipatory",1,1,263,0.00380228136882129
"316","api",1,1,263,0.00380228136882129
"317","apple",1,1,263,0.00380228136882129
"318","apps",1,1,263,0.00380228136882129
"319","apriori",1,1,263,0.00380228136882129
"320","arab",1,1,263,0.00380228136882129
"321","architectural",1,1,263,0.00380228136882129
"322","art",1,1,263,0.00380228136882129
"323","arti",1,1,263,0.00380228136882129
"324","assurance",1,1,263,0.00380228136882129
"325","auditability",1,1,263,0.00380228136882129
"326","augmented",1,1,263,0.00380228136882129
"327","authority",1,1,263,0.00380228136882129
"328","automatic",1,1,263,0.00380228136882129
"329","autonomous",1,1,263,0.00380228136882129
"330","balanced",1,1,263,0.00380228136882129
"331","balancing",1,1,263,0.00380228136882129
"332","bandits",1,1,263,0.00380228136882129
"333","bcm",1,1,263,0.00380228136882129
"334","benchmarking",1,1,263,0.00380228136882129
"335","bert",1,1,263,0.00380228136882129
"336","biased",1,1,263,0.00380228136882129
"337","biases",1,1,263,0.00380228136882129
"338","bioelectrical",1,1,263,0.00380228136882129
"339","bioinformatics",1,1,263,0.00380228136882129
"340","biomedical",1,1,263,0.00380228136882129
"341","biometrics",1,1,263,0.00380228136882129
"342","blackbox",1,1,263,0.00380228136882129
"343","body",1,1,263,0.00380228136882129
"344","browser",1,1,263,0.00380228136882129
"345","bubble",1,1,263,0.00380228136882129
"346","building",1,1,263,0.00380228136882129
"347","business",1,1,263,0.00380228136882129
"348","bwm",1,1,263,0.00380228136882129
"349","calibration",1,1,263,0.00380228136882129
"350","capture",1,1,263,0.00380228136882129
"351","car",1,1,263,0.00380228136882129
"352","cards",1,1,263,0.00380228136882129
"353","categorical",1,1,263,0.00380228136882129
"354","causality",1,1,263,0.00380228136882129
"355","censorship",1,1,263,0.00380228136882129
"356","checking",1,1,263,0.00380228136882129
"357","chinaâ€™s",1,1,263,0.00380228136882129
"358","cial",1,1,263,0.00380228136882129
"359","citizenship",1,1,263,0.00380228136882129
"360","civil",1,1,263,0.00380228136882129
"361","class",1,1,263,0.00380228136882129
"362","clgen",1,1,263,0.00380228136882129
"363","clustering",1,1,263,0.00380228136882129
"364","cnn",1,1,263,0.00380228136882129
"365","collective",1,1,263,0.00380228136882129
"366","collusion",1,1,263,0.00380228136882129
"367","coloniality",1,1,263,0.00380228136882129
"368","commercial",1,1,263,0.00380228136882129
"369","communicating",1,1,263,0.00380228136882129
"370","communication",1,1,263,0.00380228136882129
"371","communities",1,1,263,0.00380228136882129
"372","companies",1,1,263,0.00380228136882129
"373","competition",1,1,263,0.00380228136882129
"374","complexity",1,1,263,0.00380228136882129
"375","composition",1,1,263,0.00380228136882129
"376","computational",1,1,263,0.00380228136882129
"377","computersecurity",1,1,263,0.00380228136882129
"378","concept",1,1,263,0.00380228136882129
"379","confidential",1,1,263,0.00380228136882129
"380","confidentiality",1,1,263,0.00380228136882129
"381","conflict",1,1,263,0.00380228136882129
"382","conformance",1,1,263,0.00380228136882129
"383","congestion",1,1,263,0.00380228136882129
"384","considerations",1,1,263,0.00380228136882129
"385","conspiracy",1,1,263,0.00380228136882129
"386","constitution",1,1,263,0.00380228136882129
"387","construction",1,1,263,0.00380228136882129
"388","contact",1,1,263,0.00380228136882129
"389","controls",1,1,263,0.00380228136882129
"390","cooperative",3,1,263,0.00380228136882129
"391","corporate",1,1,263,0.00380228136882129
"392","counterfactuals",1,1,263,0.00380228136882129
"393","crawling",1,1,263,0.00380228136882129
"394","crime",1,1,263,0.00380228136882129
"395","crisis",1,1,263,0.00380228136882129
"396","critique",1,1,263,0.00380228136882129
"397","cross",1,1,263,0.00380228136882129
"398","crowdsensing",1,1,263,0.00380228136882129
"399","cs1",1,1,263,0.00380228136882129
"400","csa",1,1,263,0.00380228136882129
"401","cscw",1,1,263,0.00380228136882129
"402","cultural",1,1,263,0.00380228136882129
"403","cyberbullying",1,1,263,0.00380228136882129
"404","damages",1,1,263,0.00380228136882129
"405","dark",1,1,263,0.00380228136882129
"406","databases",1,1,263,0.00380228136882129
"407","datasheets",1,1,263,0.00380228136882129
"408","debiasing",1,1,263,0.00380228136882129
"409","deceptive",1,1,263,0.00380228136882129
"410","decolonisation",1,1,263,0.00380228136882129
"411","decompiler",1,1,263,0.00380228136882129
"412","deepspeech",1,1,263,0.00380228136882129
"413","default",1,1,263,0.00380228136882129
"414","dehumanization",1,1,263,0.00380228136882129
"415","delivery",1,1,263,0.00380228136882129
"416","demo",1,1,263,0.00380228136882129
"417","department",1,1,263,0.00380228136882129
"418","dependability",1,1,263,0.00380228136882129
"419","dialog",1,1,263,0.00380228136882129
"420","dialogue",1,1,263,0.00380228136882129
"421","disclosure",1,1,263,0.00380228136882129
"422","discovery",1,1,263,0.00380228136882129
"423","discussion",1,1,263,0.00380228136882129
"424","disease",1,1,263,0.00380228136882129
"425","disinformation",1,1,263,0.00380228136882129
"426","disparities",1,1,263,0.00380228136882129
"427","disparity",1,1,263,0.00380228136882129
"428","distancing",1,1,263,0.00380228136882129
"429","distillation",1,1,263,0.00380228136882129
"430","distributive",1,1,263,0.00380228136882129
"431","division",1,1,263,0.00380228136882129
"432","divisiveness",1,1,263,0.00380228136882129
"433","domain",1,1,263,0.00380228136882129
"434","drawing",1,1,263,0.00380228136882129
"435","drift",1,1,263,0.00380228136882129
"436","drowsiness",1,1,263,0.00380228136882129
"437","duolingo",1,1,263,0.00380228136882129
"438","dynamic",1,1,263,0.00380228136882129
"439","dystopia",1,1,263,0.00380228136882129
"440","e.g",1,1,263,0.00380228136882129
"441","ecology",1,1,263,0.00380228136882129
"442","economy",1,1,263,0.00380228136882129
"443","educational",1,1,263,0.00380228136882129
"444","emails",1,1,263,0.00380228136882129
"445","emotions",1,1,263,0.00380228136882129
"446","empirical",1,1,263,0.00380228136882129
"447","empowerment",1,1,263,0.00380228136882129
"448","encryption",1,1,263,0.00380228136882129
"449","enforcement",1,1,263,0.00380228136882129
"450","enrollment",1,1,263,0.00380228136882129
"451","environmental",1,1,263,0.00380228136882129
"452","equity",1,1,263,0.00380228136882129
"453","esg",1,1,263,0.00380228136882129
"454","everyday",2,1,263,0.00380228136882129
"455","evidentiary",1,1,263,0.00380228136882129
"456","experiments",1,1,263,0.00380228136882129
"457","externalities",1,1,263,0.00380228136882129
"458","extremism",1,1,263,0.00380228136882129
"459","failures",1,1,263,0.00380228136882129
"460","fate",1,1,263,0.00380228136882129
"461","fifths",1,1,263,0.00380228136882129
"462","filter",1,1,263,0.00380228136882129
"463","finance",1,1,263,0.00380228136882129
"464","floss",1,1,263,0.00380228136882129
"465","folk",1,1,263,0.00380228136882129
"466","forecasting",1,1,263,0.00380228136882129
"467","foreign",1,1,263,0.00380228136882129
"468","fst",1,1,263,0.00380228136882129
"469","functioning",1,1,263,0.00380228136882129
"470","funding",1,1,263,0.00380228136882129
"471","fusion",1,1,263,0.00380228136882129
"472","future",1,1,263,0.00380228136882129
"473","gamification",1,1,263,0.00380228136882129
"474","gamified",1,1,263,0.00380228136882129
"475","gap",1,1,263,0.00380228136882129
"476","gasoline",1,1,263,0.00380228136882129
"477","gatekeeper",1,1,263,0.00380228136882129
"478","gence",1,1,263,0.00380228136882129
"479","genealogy",1,1,263,0.00380228136882129
"480","generalization",1,1,263,0.00380228136882129
"481","geolocation",1,1,263,0.00380228136882129
"482","geopositioning",1,1,263,0.00380228136882129
"483","gerrymandering",1,1,263,0.00380228136882129
"484","gesture",1,1,263,0.00380228136882129
"485","global",1,1,263,0.00380228136882129
"486","graph",1,1,263,0.00380228136882129
"487","guidelines",1,1,263,0.00380228136882129
"488","hdi",1,1,263,0.00380228136882129
"489","history",2,1,263,0.00380228136882129
"490","hoc",1,1,263,0.00380228136882129
"491","homophily",1,1,263,0.00380228136882129
"492","housing",1,1,263,0.00380228136882129
"493","hypermedia",1,1,263,0.00380228136882129
"494","hypertext",1,1,263,0.00380228136882129
"495","hypodescent",1,1,263,0.00380228136882129
"496","identities",1,1,263,0.00380228136882129
"497","ieee",1,1,263,0.00380228136882129
"498","impacted",1,1,263,0.00380228136882129
"499","impairments",1,1,263,0.00380228136882129
"500","impedance",1,1,263,0.00380228136882129
"501","implications",1,1,263,0.00380228136882129
"502","implicit",1,1,263,0.00380228136882129
"503","imprint",1,1,263,0.00380228136882129
"504","indicators",1,1,263,0.00380228136882129
"505","influence",3,1,263,0.00380228136882129
"506","informatics",1,1,263,0.00380228136882129
"507","informed",1,1,263,0.00380228136882129
"508","infrastructures",1,1,263,0.00380228136882129
"509","infrastructuring",1,1,263,0.00380228136882129
"510","infringement",1,1,263,0.00380228136882129
"511","innovation",1,1,263,0.00380228136882129
"512","instant",1,1,263,0.00380228136882129
"513","institutional",1,1,263,0.00380228136882129
"514","instrument",1,1,263,0.00380228136882129
"515","insurance",1,1,263,0.00380228136882129
"516","integer",1,1,263,0.00380228136882129
"517","integrity",1,1,263,0.00380228136882129
"518","intelli",1,1,263,0.00380228136882129
"519","intelligent",1,1,263,0.00380228136882129
"520","intelligibility",1,1,263,0.00380228136882129
"521","intercultural",1,1,263,0.00380228136882129
"522","internet",1,1,263,0.00380228136882129
"523","interpretabity",1,1,263,0.00380228136882129
"524","interpretable",1,1,263,0.00380228136882129
"525","intersectionality",1,1,263,0.00380228136882129
"526","interviews",1,1,263,0.00380228136882129
"527","intimate",1,1,263,0.00380228136882129
"528","inversion",1,1,263,0.00380228136882129
"529","investing",1,1,263,0.00380228136882129
"530","investment",1,1,263,0.00380228136882129
"531","ios",1,1,263,0.00380228136882129
"532","islamist",1,1,263,0.00380228136882129
"533","job",1,1,263,0.00380228136882129
"534","junk",1,1,263,0.00380228136882129
"535","keywords",1,1,263,0.00380228136882129
"536","kri",1,1,263,0.00380228136882129
"537","kubernetes",1,1,263,0.00380228136882129
"538","labels",1,1,263,0.00380228136882129
"539","labor",1,1,263,0.00380228136882129
"540","legibility",1,1,263,0.00380228136882129
"541","legislation",1,1,263,0.00380228136882129
"542","lending",1,1,263,0.00380228136882129
"543","level",1,1,263,0.00380228136882129
"544","linguality",1,1,263,0.00380228136882129
"545","linguistics",1,1,263,0.00380228136882129
"546","literature",1,1,263,0.00380228136882129
"547","loans",1,1,263,0.00380228136882129
"548","local",1,1,263,0.00380228136882129
"549","mainstream",1,1,263,0.00380228136882129
"550","maintainability",1,1,263,0.00380228136882129
"551","management",1,1,263,0.00380228136882129
"552","marginalized",1,1,263,0.00380228136882129
"553","markedness",1,1,263,0.00380228136882129
"554","marketing",1,1,263,0.00380228136882129
"555","marketplace",1,1,263,0.00380228136882129
"556","masculine",1,1,263,0.00380228136882129
"557","maximalism",1,1,263,0.00380228136882129
"558","measurement",3,1,263,0.00380228136882129
"559","mechanical",1,1,263,0.00380228136882129
"560","mechanisms",1,1,263,0.00380228136882129
"561","mediation",1,1,263,0.00380228136882129
"562","messaging",1,1,263,0.00380228136882129
"563","metamorphic",1,1,263,0.00380228136882129
"564","method",1,1,263,0.00380228136882129
"565","methodologies",1,1,263,0.00380228136882129
"566","metrics",2,1,263,0.00380228136882129
"567","micmac",1,1,263,0.00380228136882129
"568","microservice",1,1,263,0.00380228136882129
"569","miscellaneous",1,1,263,0.00380228136882129
"570","misuses",1,1,263,0.00380228136882129
"571","mixed",1,1,263,0.00380228136882129
"572","mlaas",1,1,263,0.00380228136882129
"573","moderation",1,1,263,0.00380228136882129
"574","monopoly",1,1,263,0.00380228136882129
"575","moral",1,1,263,0.00380228136882129
"576","mortgage",1,1,263,0.00380228136882129
"577","museum",1,1,263,0.00380228136882129
"578","museums",1,1,263,0.00380228136882129
"579","narrative",1,1,263,0.00380228136882129
"580","networking",1,1,263,0.00380228136882129
"581","nibrs",1,1,263,0.00380228136882129
"582","nutrition",1,1,263,0.00380228136882129
"583","objective",1,1,263,0.00380228136882129
"584","objectivity",1,1,263,0.00380228136882129
"585","offline",1,1,263,0.00380228136882129
"586","operational",1,1,263,0.00380228136882129
"587","opinion",1,1,263,0.00380228136882129
"588","optimization",1,1,263,0.00380228136882129
"589","organizing",1,1,263,0.00380228136882129
"590","overbooking",1,1,263,0.00380228136882129
"591","pairwise",1,1,263,0.00380228136882129
"592","pandemic",1,1,263,0.00380228136882129
"593","paradata",1,1,263,0.00380228136882129
"594","partisan",1,1,263,0.00380228136882129
"595","partisanship",1,1,263,0.00380228136882129
"596","partner",1,1,263,0.00380228136882129
"597","party",1,1,263,0.00380228136882129
"598","patient",1,1,263,0.00380228136882129
"599","patterns",1,1,263,0.00380228136882129
"600","perceptions",1,1,263,0.00380228136882129
"601","performance",1,1,263,0.00380228136882129
"602","personality",1,1,263,0.00380228136882129
"603","perspective",1,1,263,0.00380228136882129
"604","pervasive",1,1,263,0.00380228136882129
"605","phenomena",1,1,263,0.00380228136882129
"606","pipeline",1,1,263,0.00380228136882129
"607","pipelines",1,1,263,0.00380228136882129
"608","placement",1,1,263,0.00380228136882129
"609","politics",1,1,263,0.00380228136882129
"610","position",1,1,263,0.00380228136882129
"611","practices",1,1,263,0.00380228136882129
"612","presentation",1,1,263,0.00380228136882129
"613","pricing",1,1,263,0.00380228136882129
"614","principle",1,1,263,0.00380228136882129
"615","principles",1,1,263,0.00380228136882129
"616","priority",1,1,263,0.00380228136882129
"617","processes",1,1,263,0.00380228136882129
"618","productivity",1,1,263,0.00380228136882129
"619","profile",1,1,263,0.00380228136882129
"620","profiling",1,1,263,0.00380228136882129
"621","profit",1,1,263,0.00380228136882129
"622","program",1,1,263,0.00380228136882129
"623","programming",1,1,263,0.00380228136882129
"624","protective",1,1,263,0.00380228136882129
"625","psycholinguistics",1,1,263,0.00380228136882129
"626","psychology",1,1,263,0.00380228136882129
"627","pymetrics",1,1,263,0.00380228136882129
"628","quantifying",1,1,263,0.00380228136882129
"629","query",1,1,263,0.00380228136882129
"630","question",1,1,263,0.00380228136882129
"631","random",1,1,263,0.00380228136882129
"632","rankings",1,1,263,0.00380228136882129
"633","rater",1,1,263,0.00380228136882129
"634","rawls",1,1,263,0.00380228136882129
"635","realism",1,1,263,0.00380228136882129
"636","reality",1,1,263,0.00380228136882129
"637","recidivism",1,1,263,0.00380228136882129
"638","recourse",1,1,263,0.00380228136882129
"639","redress",1,1,263,0.00380228136882129
"640","regulatory",1,1,263,0.00380228136882129
"641","reliability",1,1,263,0.00380228136882129
"642","removal",1,1,263,0.00380228136882129
"643","reparations",1,1,263,0.00380228136882129
"644","representational",1,1,263,0.00380228136882129
"645","representative",1,1,263,0.00380228136882129
"646","reputation",1,1,263,0.00380228136882129
"647","requirements",1,1,263,0.00380228136882129
"648","resilience",1,1,263,0.00380228136882129
"649","resnet",1,1,263,0.00380228136882129
"650","response",1,1,263,0.00380228136882129
"651","retail",1,1,263,0.00380228136882129
"652","reversing",1,1,263,0.00380228136882129
"653","review",1,1,263,0.00380228136882129
"654","ridehail",1,1,263,0.00380228136882129
"655","rideshare",1,1,263,0.00380228136882129
"656","robust",1,1,263,0.00380228136882129
"657","role",1,1,263,0.00380228136882129
"658","rule",1,1,263,0.00380228136882129
"659","sampled",1,1,263,0.00380228136882129
"660","sast",1,1,263,0.00380228136882129
"661","scoring",1,1,263,0.00380228136882129
"662","scrutiny",1,1,263,0.00380228136882129
"663","segregation",1,1,263,0.00380228136882129
"664","selection",1,1,263,0.00380228136882129
"665","sensemaking",1,1,263,0.00380228136882129
"666","sensitivity",1,1,263,0.00380228136882129
"667","sentiment",1,1,263,0.00380228136882129
"668","sequential",1,1,263,0.00380228136882129
"669","service",1,1,263,0.00380228136882129
"670","sex",1,1,263,0.00380228136882129
"671","simulated",1,1,263,0.00380228136882129
"672","simulations",1,1,263,0.00380228136882129
"673","skills",1,1,263,0.00380228136882129
"674","smart",1,1,263,0.00380228136882129
"675","sociology",1,1,263,0.00380228136882129
"676","source",1,1,263,0.00380228136882129
"677","south",1,1,263,0.00380228136882129
"678","space",1,1,263,0.00380228136882129
"679","speakers",1,1,263,0.00380228136882129
"680","specialist",1,1,263,0.00380228136882129
"681","specific",1,1,263,0.00380228136882129
"682","sprache",1,1,263,0.00380228136882129
"683","stability",1,1,263,0.00380228136882129
"684","stance",1,1,263,0.00380228136882129
"685","standards",1,1,263,0.00380228136882129
"686","star",1,1,263,0.00380228136882129
"687","startup",1,1,263,0.00380228136882129
"688","stereotype",2,1,263,0.00380228136882129
"689","stereotypical",1,1,263,0.00380228136882129
"690","strong",1,1,263,0.00380228136882129
"691","structural",1,1,263,0.00380228136882129
"692","style",1,1,263,0.00380228136882129
"693","subset",1,1,263,0.00380228136882129
"694","subtitles",1,1,263,0.00380228136882129
"695","suggestion",1,1,263,0.00380228136882129
"696","suites",1,1,263,0.00380228136882129
"697","supported",3,1,263,0.00380228136882129
"698","survey",1,1,263,0.00380228136882129
"699","synthesis",1,1,263,0.00380228136882129
"700","synthetic",1,1,263,0.00380228136882129
"701","systemic",1,1,263,0.00380228136882129
"702","tail",1,1,263,0.00380228136882129
"703","targeted",1,1,263,0.00380228136882129
"704","task",1,1,263,0.00380228136882129
"705","taxi",1,1,263,0.00380228136882129
"706","teens",1,1,263,0.00380228136882129
"707","theories",1,1,263,0.00380228136882129
"708","tism",1,1,263,0.00380228136882129
"709","tooling",1,1,263,0.00380228136882129
"710","tools",1,1,263,0.00380228136882129
"711","topics",1,1,263,0.00380228136882129
"712","tor",1,1,263,0.00380228136882129
"713","toxicity",1,1,263,0.00380228136882129
"714","traceability",1,1,263,0.00380228136882129
"715","tracing",1,1,263,0.00380228136882129
"716","trafficking",1,1,263,0.00380228136882129
"717","transfer",1,1,263,0.00380228136882129
"718","translation",1,1,263,0.00380228136882129
"719","transportation",2,1,263,0.00380228136882129
"720","treatment",1,1,263,0.00380228136882129
"721","trends",1,1,263,0.00380228136882129
"722","trustworthy",1,1,263,0.00380228136882129
"723","turk",1,1,263,0.00380228136882129
"724","ubiquitous",1,1,263,0.00380228136882129
"725","unawareness",1,1,263,0.00380228136882129
"726","uncertainty",1,1,263,0.00380228136882129
"727","understanding",1,1,263,0.00380228136882129
"728","unified",1,1,263,0.00380228136882129
"729","units",1,1,263,0.00380228136882129
"730","university",1,1,263,0.00380228136882129
"731","unsupervised",1,1,263,0.00380228136882129
"732","usability",1,1,263,0.00380228136882129
"733","users",1,1,263,0.00380228136882129
"734","vaccine",1,1,263,0.00380228136882129
"735","validation",1,1,263,0.00380228136882129
"736","validity",1,1,263,0.00380228136882129
"737","valuation",1,1,263,0.00380228136882129
"738","variation",1,1,263,0.00380228136882129
"739","vehicles",1,1,263,0.00380228136882129
"740","virtual",1,1,263,0.00380228136882129
"741","visitor",1,1,263,0.00380228136882129
"742","visualization",1,1,263,0.00380228136882129
"743","vocabulary",1,1,263,0.00380228136882129
"744","voters",1,1,263,0.00380228136882129
"745","walks",1,1,263,0.00380228136882129
"746","wealth",1,1,263,0.00380228136882129
"747","websites",1,1,263,0.00380228136882129
"748","whatsapp",1,1,263,0.00380228136882129
"749","wikipedia",1,1,263,0.00380228136882129
"750","windows",1,1,263,0.00380228136882129
"751","world",1,1,263,0.00380228136882129
"752","youtube",1,1,263,0.00380228136882129
"753","zone",1,1,263,0.00380228136882129
